,c0,c1,c2,c3,c4,c5,c6,c7,c8,c9,c10,c11,c12,c13,c14,c15,c0_bucket_mean_encoding,c1_bucket_mean_encoding,c2_bucket_mean_encoding,c3_bucket_mean_encoding,c4_bucket_mean_encoding,c5_bucket_mean_encoding,c6_bucket_mean_encoding,c7_bucket_mean_encoding,c8_bucket_mean_encoding,c9_bucket_mean_encoding,c10_bucket_mean_encoding,c11_bucket_mean_encoding,c12_bucket_mean_encoding,c13_bucket_mean_encoding,c14_bucket_mean_encoding,c15_bucket_mean_encoding,c0_bucket,c1_bucket,c2_bucket,c3_bucket,c4_bucket,c5_bucket,c6_bucket,c7_bucket,c8_bucket,c9_bucket,c10_bucket,c11_bucket,c12_bucket,c13_bucket,c14_bucket,c15_bucket,c0_bucket_mean_encoding_bucket,c1_bucket_mean_encoding_bucket,c2_bucket_mean_encoding_bucket,c3_bucket_mean_encoding_bucket,c4_bucket_mean_encoding_bucket,c5_bucket_mean_encoding_bucket,c6_bucket_mean_encoding_bucket,c7_bucket_mean_encoding_bucket,c8_bucket_mean_encoding_bucket,c9_bucket_mean_encoding_bucket,c10_bucket_mean_encoding_bucket,c11_bucket_mean_encoding_bucket,c12_bucket_mean_encoding_bucket,c13_bucket_mean_encoding_bucket,c14_bucket_mean_encoding_bucket,c15_bucket_mean_encoding_bucket,c0_bucket_mean_encoding_mean_encoding,c1_bucket_mean_encoding_mean_encoding,c2_bucket_mean_encoding_mean_encoding,c3_bucket_mean_encoding_mean_encoding,c4_bucket_mean_encoding_mean_encoding,c5_bucket_mean_encoding_mean_encoding,c6_bucket_mean_encoding_mean_encoding,c7_bucket_mean_encoding_mean_encoding,c8_bucket_mean_encoding_mean_encoding,c9_bucket_mean_encoding_mean_encoding,c10_bucket_mean_encoding_mean_encoding,c11_bucket_mean_encoding_mean_encoding,c12_bucket_mean_encoding_mean_encoding,c13_bucket_mean_encoding_mean_encoding,c14_bucket_mean_encoding_mean_encoding,c15_bucket_mean_encoding_mean_encoding,c0_bucket_mean_encoding_bucket_mean_encoding,c1_bucket_mean_encoding_bucket_mean_encoding,c2_bucket_mean_encoding_bucket_mean_encoding,c3_bucket_mean_encoding_bucket_mean_encoding,c4_bucket_mean_encoding_bucket_mean_encoding,c5_bucket_mean_encoding_bucket_mean_encoding,c6_bucket_mean_encoding_bucket_mean_encoding,c7_bucket_mean_encoding_bucket_mean_encoding,c8_bucket_mean_encoding_bucket_mean_encoding,c9_bucket_mean_encoding_bucket_mean_encoding,c10_bucket_mean_encoding_bucket_mean_encoding,c11_bucket_mean_encoding_bucket_mean_encoding,c12_bucket_mean_encoding_bucket_mean_encoding,c13_bucket_mean_encoding_bucket_mean_encoding,c14_bucket_mean_encoding_bucket_mean_encoding,c15_bucket_mean_encoding_bucket_mean_encoding
0,73960.04471379072,84403.42214722969,81100.83441968136,78754.61386380636,63716.52922512792,71794.02843096433,81012.6216314531,65109.66413704203,81444.18415128012,79405.85961907188,59386.10371527279,56478.89220256366,76611.41392446449,88685.80590072036,70858.60014789032,99536.37288848496,70845.50689002482,70845.50689002482,70845.50689002482,70845.50689002482,67226.91062189237,70845.50689002482,70845.50689002482,70845.50689002482,74154.9150663607,70845.50689002482,70845.50689002482,64612.79052761235,70845.50689002482,70845.50689002482,70845.50689002482,74319.04117633944,14.0,18.0,15.0,16.0,0.0,14.0,17.0,9.0,18.0,16.0,4.0,0.0,16.0,19.0,16.0,19.0,9.0,11.0,9.0,10.0,0.0,8.0,9.0,9.0,16.0,10.0,9.0,7.0,10.0,10.0,10.0,16.0,70845.50689002482,70845.50689002482,70845.50689002482,70845.50689002482,67226.91062189237,70845.50689002482,70845.50689002482,70845.50689002482,74154.9150663607,70845.50689002482,70845.50689002482,64612.79052761235,70845.50689002482,70845.50689002482,70845.50689002482,74319.04117633944,70845.50689002482,70845.50689002482,70845.50689002482,70845.50689002482,67226.91062189237,70845.50689002482,70845.50689002482,70845.50689002482,74154.9150663607,70845.50689002482,70845.50689002482,64612.79052761235,70845.50689002482,70845.50689002482,70845.50689002482,74319.04117633944
1,87196.74361907764,97688.7922578172,93162.65960110666,106943.27733111529,63716.52922512792,106327.59879938008,97231.35248226744,65440.02515843935,109821.45968927476,89395.44445236641,88829.85098294308,80106.61253437473,82711.50707688677,84128.48430467526,82292.08367778907,79086.9432496746,74989.19282759685,63306.35013265138,71265.37591298667,71265.37591298667,67226.91062189237,74461.86391749796,74461.86391749796,71265.37591298667,75238.04007325001,75238.04007325001,71265.37591298667,71265.37591298667,71265.37591298667,71265.37591298667,71265.37591298667,71265.37591298667,19.0,19.0,17.0,19.0,0.0,18.0,19.0,10.0,19.0,19.0,18.0,9.0,19.0,18.0,17.0,16.0,16.0,9.0,11.0,12.0,0.0,15.0,16.0,10.0,17.0,16.0,10.0,9.0,12.0,11.0,11.0,9.0,74989.19282759685,63306.35013265138,71265.37591298667,71265.37591298667,67226.91062189237,74461.86391749796,74461.86391749796,71265.37591298667,75238.04007325001,75238.04007325001,71265.37591298667,71265.37591298667,71265.37591298667,71265.37591298667,71265.37591298667,71265.37591298667,74989.19282759685,63306.35013265138,71265.37591298667,71265.37591298667,67226.91062189237,74461.86391749796,74461.86391749796,71265.37591298667,75238.04007325001,75238.04007325001,71265.37591298667,71265.37591298667,71265.37591298667,71265.37591298667,71265.37591298667,71265.37591298667
2,84406.173121427,80768.60852035362,82488.15394480205,64577.22138303875,63716.52922512792,107533.41651480908,97020.71961407506,63599.44232494,81444.18415128012,83644.59435573372,66897.74992596528,71873.95736649631,74250.81973710853,81926.63229759729,67693.69453283127,81981.01161006543,72647.56049197286,72647.56049197286,72647.56049197286,72647.56049197286,67226.91062189237,74461.86391749796,74461.86391749796,72647.56049197286,74154.9150663607,72647.56049197286,72647.56049197286,64316.80802636934,72647.56049197286,72647.56049197286,72647.56049197286,72647.56049197286,18.0,16.0,16.0,9.0,0.0,18.0,19.0,8.0,18.0,18.0,13.0,7.0,14.0,17.0,13.0,17.0,11.0,13.0,13.0,14.0,0.0,15.0,16.0,12.0,16.0,11.0,12.0,5.0,13.0,13.0,13.0,11.0,72647.56049197286,72647.56049197286,72647.56049197286,72647.56049197286,67226.91062189237,74461.86391749796,74461.86391749796,72647.56049197286,74154.9150663607,72647.56049197286,72647.56049197286,64316.80802636934,72647.56049197286,72647.56049197286,72647.56049197286,72647.56049197286,72647.56049197286,72647.56049197286,72647.56049197286,72647.56049197286,67226.91062189237,74461.86391749796,74461.86391749796,72647.56049197286,74154.9150663607,72647.56049197286,72647.56049197286,64316.80802636934,72647.56049197286,72647.56049197286,72647.56049197286,72647.56049197286
3,77106.60825567746,52401.89082968117,57943.84812942907,56539.65498872908,63716.52922512792,61817.88369831733,85056.77270074707,72566.38433429581,68545.42254310075,68364.31462593714,91545.72748107268,59524.97461467868,62271.939137328605,73743.935768968,69077.03076192993,60483.00647835984,73318.38084186721,73318.38084186721,73318.38084186721,73318.38084186721,67226.91062189237,73318.38084186721,73318.38084186721,73318.38084186721,73318.38084186721,73318.38084186721,76126.85689270451,59514.17757114661,73318.38084186721,73318.38084186721,73318.38084186721,73318.38084186721,15.0,2.0,5.0,4.0,0.0,9.0,18.0,12.0,13.0,12.0,19.0,2.0,6.0,16.0,14.0,7.0,14.0,16.0,15.0,17.0,0.0,12.0,13.0,15.0,14.0,14.0,16.0,1.0,16.0,16.0,16.0,13.0,73318.38084186721,73318.38084186721,73318.38084186721,73318.38084186721,67226.91062189237,73318.38084186721,73318.38084186721,73318.38084186721,73318.38084186721,73318.38084186721,76126.85689270451,59514.17757114661,73318.38084186721,73318.38084186721,73318.38084186721,73318.38084186721,73318.38084186721,73318.38084186721,73318.38084186721,73318.38084186721,67226.91062189237,73318.38084186721,73318.38084186721,73318.38084186721,73318.38084186721,73318.38084186721,76126.85689270451,59514.17757114661,73318.38084186721,73318.38084186721,76738.90693847784,73318.38084186721
4,88476.31818097051,63491.39877715936,72973.70883359302,61949.17934437887,63716.52922512792,61529.48606271592,64477.94147835019,77521.79965525561,56936.53709573931,83477.20647662893,63328.37143147461,63641.30219861789,74148.67864246332,56405.631359744766,89648.91725981375,57825.14354478962,74989.19282759685,73368.88286683249,73368.88286683249,73368.88286683249,67226.91062189237,73368.88286683249,73368.88286683249,73368.88286683249,65255.15199748514,73368.88286683249,73368.88286683249,78386.44526833745,73368.88286683249,73368.88286683249,65037.272359896306,73368.88286683249,19.0,8.0,13.0,8.0,0.0,8.0,10.0,16.0,5.0,17.0,12.0,4.0,13.0,4.0,19.0,4.0,16.0,17.0,16.0,18.0,0.0,13.0,14.0,16.0,9.0,15.0,14.0,11.0,17.0,17.0,7.0,14.0,74989.19282759685,73368.88286683249,73368.88286683249,73368.88286683249,67226.91062189237,73368.88286683249,73368.88286683249,73368.88286683249,65255.15199748514,73368.88286683249,73368.88286683249,78386.44526833745,73368.88286683249,73368.88286683249,65037.272359896306,73368.88286683249,74989.19282759685,76775.82687706687,76775.82687706687,76775.82687706687,67226.91062189237,73368.88286683249,73368.88286683249,76775.82687706687,65255.15199748514,73368.88286683249,73368.88286683249,78386.44526833745,76775.82687706687,76775.82687706687,65037.272359896306,73368.88286683249
5,83775.14971725152,73659.71391700905,63900.36045882397,65944.01792322673,63716.52922512792,60816.32443404806,74756.825446139,80589.43771108787,89183.44111618774,100970.74687221568,60840.371679946285,63641.30219861789,60938.4304016828,65202.7982159307,70659.48356945945,62324.08429114852,73709.27589815359,73709.27589815359,73709.27589815359,73709.27589815359,67226.91062189237,73709.27589815359,73709.27589815359,73709.27589815359,75238.04007325001,75238.04007325001,73709.27589815359,78386.44526833745,73709.27589815359,73709.27589815359,73709.27589815359,73709.27589815359,17.0,12.0,11.0,10.0,0.0,5.0,15.0,18.0,19.0,19.0,9.0,4.0,5.0,9.0,15.0,9.0,15.0,17.0,16.0,18.0,0.0,14.0,15.0,16.0,17.0,16.0,15.0,11.0,17.0,17.0,16.0,15.0,73709.27589815359,73709.27589815359,73709.27589815359,73709.27589815359,67226.91062189237,73709.27589815359,73709.27589815359,73709.27589815359,75238.04007325001,75238.04007325001,73709.27589815359,78386.44526833745,73709.27589815359,73709.27589815359,73709.27589815359,73709.27589815359,73709.27589815359,76775.82687706687,76775.82687706687,76775.82687706687,67226.91062189237,73709.27589815359,73709.27589815359,76775.82687706687,75238.04007325001,75238.04007325001,73709.27589815359,78386.44526833745,76775.82687706687,76775.82687706687,76738.90693847784,73709.27589815359
6,82235.62869782098,69155.726706059,90035.70901040304,66353.22445230106,63716.52922512792,65036.20531254484,74609.38243840434,89509.1852888155,73704.9271863725,60896.50085168958,58959.352717092246,92455.59528619236,62873.43669468373,62806.3639384598,60368.300410558826,64247.94437969207,,,71265.37591298667,,67226.91062189237,,,,,,,60484.20755823323,,,,,16.0,10.0,17.0,11.0,0.0,12.0,14.0,19.0,15.0,5.0,2.0,11.0,7.0,7.0,7.0,11.0,0.0,0.0,11.0,0.0,0.0,0.0,0.0,0.0,0.0,0.0,0.0,3.0,0.0,0.0,0.0,0.0,,,71265.37591298667,,67226.91062189237,,,,,,,60484.20755823323,,,,,,,71265.37591298667,,67226.91062189237,,,,,,,60484.20755823323,,,,
7,66997.35906316095,51097.87662565864,69597.30738456272,70774.28332204952,63716.52922512792,63595.14433485576,79601.38141456408,75586.82795849987,64675.794060646935,54723.62877432999,60995.742188992604,56478.89220256366,68372.03228975089,67046.20919860061,53944.170801184,82244.81112880433,,60436.05129708864,,,67226.91062189237,,,,,,,64612.79052761235,,,,,10.0,0.0,12.0,12.0,0.0,11.0,16.0,14.0,10.0,3.0,10.0,0.0,12.0,12.0,3.0,18.0,0.0,5.0,0.0,0.0,0.0,0.0,0.0,0.0,0.0,0.0,0.0,7.0,0.0,0.0,0.0,0.0,,60436.05129708864,,,67226.91062189237,,,,,,,64612.79052761235,,,,,,60436.05129708864,,,67226.91062189237,,,,,,,64612.79052761235,,,,
8,59079.74262561252,77183.54103125706,52443.80805999668,73011.75121314864,63716.52922512792,61260.469816396726,69280.37087313677,76766.6887492046,71125.17486473662,63500.35117621398,116525.16212214551,56478.89220256366,80350.9128895308,66452.22121529587,82480.72043630252,82335.31975029633,72872.06522357222,72872.06522357222,59536.299395238304,72872.06522357222,67226.91062189237,72872.06522357222,72872.06522357222,72872.06522357222,72872.06522357222,72872.06522357222,76126.85689270451,64612.79052761235,72872.06522357222,72872.06522357222,72872.06522357222,74319.04117633944,5.0,14.0,0.0,15.0,0.0,7.0,11.0,15.0,14.0,8.0,19.0,0.0,18.0,11.0,18.0,19.0,13.0,15.0,4.0,16.0,0.0,11.0,12.0,14.0,13.0,13.0,16.0,7.0,15.0,15.0,15.0,16.0,72872.06522357222,72872.06522357222,59536.299395238304,72872.06522357222,67226.91062189237,72872.06522357222,72872.06522357222,72872.06522357222,72872.06522357222,72872.06522357222,76126.85689270451,64612.79052761235,72872.06522357222,72872.06522357222,72872.06522357222,74319.04117633944,72872.06522357222,72872.06522357222,59536.299395238304,72872.06522357222,67226.91062189237,72872.06522357222,72872.06522357222,72872.06522357222,72872.06522357222,72872.06522357222,76126.85689270451,64612.79052761235,72872.06522357222,72872.06522357222,72872.06522357222,74319.04117633944
9,68059.14764579563,78350.43581319132,61037.67888901014,85076.79632165526,63716.52922512792,70578.89435132388,73682.5978183578,78229.71612967843,76284.67950800837,64174.10084522804,71173.54633491987,63641.30219861789,76100.70845123843,69893.25504961306,67473.61831456557,72519.54937312029,72709.76863510133,72709.76863510133,72709.76863510133,72709.76863510133,67226.91062189237,72709.76863510133,72709.76863510133,72709.76863510133,72709.76863510133,72709.76863510133,72709.76863510133,78386.44526833745,72709.76863510133,72709.76863510133,72709.76863510133,72709.76863510133,12.0,15.0,7.0,18.0,0.0,13.0,13.0,17.0,16.0,9.0,15.0,4.0,15.0,13.0,11.0,13.0,12.0,14.0,14.0,15.0,0.0,10.0,11.0,13.0,12.0,12.0,13.0,11.0,14.0,14.0,14.0,12.0,72709.76863510133,72709.76863510133,72709.76863510133,72709.76863510133,67226.91062189237,72709.76863510133,72709.76863510133,72709.76863510133,72709.76863510133,72709.76863510133,72709.76863510133,78386.44526833745,72709.76863510133,72709.76863510133,72709.76863510133,72709.76863510133,72709.76863510133,72709.76863510133,72709.76863510133,72709.76863510133,67226.91062189237,72709.76863510133,72709.76863510133,72709.76863510133,72709.76863510133,72709.76863510133,72709.76863510133,78386.44526833745,72709.76863510133,72709.76863510133,72709.76863510133,72709.76863510133
10,62924.17132802569,76966.25400676687,63849.85846326283,88938.445623374,63716.52922512792,75392.64511668519,71639.45899689158,82854.7704292409,65965.67022146487,53393.16424779277,59344.6715795271,56478.89220256366,111146.45292506165,114421.8714532177,61667.79808031818,66246.86039825338,,,,71265.37591298667,67226.91062189237,,,,72613.13829964938,,,64612.79052761235,71265.37591298667,70845.50689002482,,,8.0,13.0,10.0,19.0,0.0,15.0,12.0,19.0,12.0,1.0,3.0,0.0,19.0,19.0,8.0,12.0,0.0,0.0,0.0,12.0,0.0,0.0,0.0,0.0,11.0,0.0,0.0,7.0,12.0,10.0,0.0,0.0,,,,71265.37591298667,67226.91062189237,,,,72613.13829964938,,,64612.79052761235,71265.37591298667,70845.50689002482,,,,,,71265.37591298667,67226.91062189237,,,,72613.13829964938,,,64612.79052761235,71265.37591298667,70845.50689002482,,
11,65236.47530220746,56714.17287450426,56497.04376079729,60118.09452545588,63716.52922512792,59241.32654993402,60770.80299816405,66903.0525389132,65965.67022146487,49810.36394285121,80439.84349444209,67757.62978255711,46825.9358248696,53589.30902511017,67284.98155605212,77899.29353351117,72613.13829964938,72613.13829964938,72613.13829964938,72613.13829964938,67226.91062189237,72613.13829964938,72613.13829964938,72613.13829964938,72613.13829964938,64126.056854294526,72613.13829964938,72613.13829964938,66519.82861728329,72613.13829964938,72613.13829964938,72613.13829964938,9.0,6.0,4.0,7.0,0.0,3.0,7.0,11.0,12.0,0.0,16.0,5.0,0.0,1.0,10.0,15.0,10.0,12.0,12.0,13.0,0.0,9.0,10.0,11.0,11.0,8.0,11.0,10.0,8.0,12.0,12.0,10.0,72613.13829964938,72613.13829964938,72613.13829964938,72613.13829964938,67226.91062189237,72613.13829964938,72613.13829964938,72613.13829964938,72613.13829964938,64126.056854294526,72613.13829964938,72613.13829964938,66519.82861728329,72613.13829964938,72613.13829964938,72613.13829964938,72613.13829964938,72613.13829964938,72613.13829964938,72613.13829964938,67226.91062189237,72613.13829964938,72613.13829964938,72613.13829964938,72613.13829964938,64126.056854294526,72613.13829964938,72613.13829964938,66519.82861728329,72613.13829964938,72613.13829964938,72613.13829964938
12,70603.92498274369,68726.54331443479,78440.86814297429,72711.19909436385,63716.52922512792,59174.0670116837,60623.35999042937,73510.2729668596,49197.28013083169,63324.02876722772,69489.33001685781,84222.94011831394,56205.893016454735,58822.54798146756,49553.12625578751,63233.58556077552,69285.99770015522,69285.99770015522,69285.99770015522,69285.99770015522,67226.91062189237,69285.99770015522,69285.99770015522,69285.99770015522,61859.30870980762,69285.99770015522,69285.99770015522,69285.99770015522,69285.99770015522,69285.99770015522,66156.86368910788,69285.99770015522,13.0,9.0,14.0,14.0,0.0,2.0,6.0,13.0,0.0,7.0,14.0,10.0,3.0,5.0,0.0,10.0,8.0,10.0,8.0,9.0,0.0,7.0,8.0,8.0,6.0,9.0,8.0,8.0,9.0,8.0,9.0,8.0,69285.99770015522,69285.99770015522,69285.99770015522,69285.99770015522,67226.91062189237,69285.99770015522,69285.99770015522,69285.99770015522,61859.30870980762,69285.99770015522,69285.99770015522,69285.99770015522,69285.99770015522,69285.99770015522,66156.86368910788,69285.99770015522,69285.99770015522,69285.99770015522,69285.99770015522,69285.99770015522,67226.91062189237,69285.99770015522,69285.99770015522,69285.99770015522,61859.30870980762,69285.99770015522,69285.99770015522,69285.99770015522,69285.99770015522,69285.99770015522,66156.86368910788,69285.99770015522
13,61528.74041919864,62635.75487514388,62569.342878334464,59754.33104835523,63716.52922512792,60637.541811118645,55378.60157243877,59635.110068172165,53066.90861328551,66608.9217053381,58482.88315601688,59524.97461467868,48074.32698164439,52985.079869679466,50045.67779190596,51202.56148439873,63266.69963346538,63266.69963346538,63266.69963346538,63266.69963346538,67226.91062189237,63266.69963346538,63266.69963346538,63266.69963346538,63266.69963346538,63266.69963346538,57651.98464425109,59514.17757114661,63266.69963346538,59687.034450730294,66156.86368910788,63266.69963346538,7.0,7.0,9.0,6.0,0.0,4.0,4.0,6.0,2.0,11.0,0.0,2.0,1.0,0.0,0.0,1.0,7.0,7.0,7.0,8.0,0.0,6.0,7.0,7.0,7.0,6.0,4.0,1.0,6.0,6.0,9.0,7.0,63266.69963346538,63266.69963346538,63266.69963346538,63266.69963346538,67226.91062189237,63266.69963346538,63266.69963346538,63266.69963346538,63266.69963346538,63266.69963346538,57651.98464425109,59514.17757114661,63266.69963346538,59687.034450730294,66156.86368910788,63266.69963346538,63266.69963346538,63266.69963346538,63266.69963346538,63266.69963346538,67226.91062189237,63266.69963346538,63266.69963346538,63266.69963346538,63266.69963346538,63266.69963346538,57651.98464425109,59514.17757114661,63266.69963346538,59687.034450730294,66156.86368910788,63266.69963346538
14,52359.103436751866,52099.17779769615,61660.0593994322,52486.07146829658,63716.52922512792,60933.6029517704,52050.60225499895,48591.61306717605,51777.03245246757,69534.87259658359,58884.77487275,59524.97461467868,67532.20551155692,60368.964972485104,52728.511690763975,60144.15102960318,,,,,67226.91062189237,,,,,,,59514.17757114661,,,,,3.0,1.0,8.0,1.0,0.0,6.0,3.0,1.0,1.0,14.0,1.0,2.0,11.0,6.0,2.0,6.0,0.0,0.0,0.0,0.0,0.0,0.0,0.0,0.0,0.0,0.0,0.0,1.0,0.0,0.0,0.0,0.0,,,,,67226.91062189237,,,,,,,59514.17757114661,,,,,,,,,67226.91062189237,,,,,,,59514.17757114661,,,,
15,49584.62836929275,50810.57580404218,54032.29528205763,55002.59912955019,63716.52922512792,52776.07823325042,50112.77986762893,52555.94532394388,55646.660934921376,54283.495532728906,60328.68480348709,56478.89220256366,44873.90601609448,50076.58698591136,67672.73489299645,60498.45916983409,60436.05129708864,60436.05129708864,60436.05129708864,60436.05129708864,67226.91062189237,52408.90068533298,60436.05129708864,60436.05129708864,60436.05129708864,60436.05129708864,60436.05129708864,64612.79052761235,66519.82861728329,59687.034450730294,60436.05129708864,60436.05129708864,1.0,0.0,1.0,3.0,0.0,0.0,2.0,3.0,3.0,2.0,6.0,0.0,0.0,0.0,12.0,8.0,5.0,5.0,5.0,6.0,0.0,2.0,5.0,5.0,3.0,4.0,6.0,7.0,8.0,6.0,4.0,6.0,60436.05129708864,60436.05129708864,60436.05129708864,60436.05129708864,67226.91062189237,52408.90068533298,60436.05129708864,60436.05129708864,60436.05129708864,60436.05129708864,60436.05129708864,64612.79052761235,66519.82861728329,59687.034450730294,60436.05129708864,60436.05129708864,60436.05129708864,60436.05129708864,60436.05129708864,60436.05129708864,67226.91062189237,52408.90068533298,60436.05129708864,60436.05129708864,60436.05129708864,60436.05129708864,60436.05129708864,64612.79052761235,66519.82861728329,59687.034450730294,60436.05129708864,60436.05129708864
16,49912.95410542186,55108.25086191219,54145.7656271262,52705.87515380727,63716.52922512792,52776.07823325042,48596.22321664369,45523.9750113438,56936.53709573931,68667.79261832696,60523.415841491806,56478.89220256366,66578.88862820162,55903.81392557352,54761.59675474231,74384.90998679707,57950.38158195345,57950.38158195345,57950.38158195345,57950.38158195345,67226.91062189237,52408.90068533298,53406.72276945818,53406.72276945818,65255.15199748514,57950.38158195345,57950.38158195345,64612.79052761235,57950.38158195345,57950.38158195345,57950.38158195345,57950.38158195345,2.0,4.0,2.0,2.0,0.0,0.0,0.0,0.0,5.0,13.0,7.0,0.0,9.0,3.0,4.0,14.0,4.0,3.0,2.0,5.0,0.0,2.0,2.0,2.0,9.0,3.0,5.0,7.0,4.0,4.0,3.0,5.0,57950.38158195345,57950.38158195345,57950.38158195345,57950.38158195345,67226.91062189237,52408.90068533298,53406.72276945818,53406.72276945818,65255.15199748514,57950.38158195345,57950.38158195345,64612.79052761235,57950.38158195345,57950.38158195345,57950.38158195345,57950.38158195345,57950.38158195345,57950.38158195345,57950.38158195345,57950.38158195345,67226.91062189237,52408.90068533298,53406.72276945818,53406.72276945818,65255.15199748514,57950.38158195345,57950.38158195345,64612.79052761235,57950.38158195345,57950.38158195345,57950.38158195345,57950.38158195345
17,48784.331858658574,55650.3315358432,52443.80805999668,58464.51021886185,63716.52922512792,52776.07823325042,48090.704332981935,43305.83672481893,59516.28941737519,50641.05993195194,62742.10671067318,59524.97461467868,60518.51701258584,73375.25357243401,55348.46667011749,59479.68529621061,53188.84313186935,57161.660115639585,59536.299395238304,57161.660115639585,67226.91062189237,52408.90068533298,53406.72276945818,53406.72276945818,57161.660115639585,64126.056854294526,57161.660115639585,59514.17757114661,57161.660115639585,57161.660115639585,57161.660115639585,57161.660115639585,0.0,5.0,0.0,5.0,0.0,0.0,0.0,0.0,7.0,0.0,11.0,2.0,4.0,15.0,5.0,5.0,2.0,1.0,4.0,1.0,0.0,2.0,2.0,2.0,1.0,8.0,1.0,1.0,1.0,1.0,1.0,3.0,53188.84313186935,57161.660115639585,59536.299395238304,57161.660115639585,67226.91062189237,52408.90068533298,53406.72276945818,53406.72276945818,57161.660115639585,64126.056854294526,57161.660115639585,59514.17757114661,57161.660115639585,57161.660115639585,57161.660115639585,57161.660115639585,53188.84313186935,57161.660115639585,59536.299395238304,57161.660115639585,67226.91062189237,52408.90068533298,53406.72276945818,53406.72276945818,57161.660115639585,64126.056854294526,57161.660115639585,59514.17757114661,57161.660115639585,57161.660115639585,57161.660115639585,57161.660115639585
18,48235.383981193074,52817.11127532186,52443.80805999668,51108.72980339671,63716.52922512792,57122.23788025893,49607.26098396718,49724.27942625257,62096.04173901107,64186.61456930902,57099.04982211103,59524.97461467868,55099.36449113162,54992.3496063645,93861.8048666142,52031.48800562433,53188.84313186935,57652.348505045804,59536.299395238304,57652.348505045804,67226.91062189237,57652.348505045804,57652.348505045804,57652.348505045804,57652.348505045804,57652.348505045804,57651.98464425109,59514.17757114661,57652.348505045804,57652.348505045804,65037.272359896306,57652.348505045804,0.0,3.0,0.0,0.0,0.0,1.0,1.0,2.0,9.0,10.0,0.0,2.0,2.0,2.0,19.0,2.0,2.0,2.0,4.0,4.0,0.0,4.0,4.0,4.0,2.0,2.0,4.0,1.0,3.0,3.0,7.0,4.0,53188.84313186935,57652.348505045804,59536.299395238304,57652.348505045804,67226.91062189237,57652.348505045804,57652.348505045804,57652.348505045804,57652.348505045804,57652.348505045804,57651.98464425109,59514.17757114661,57652.348505045804,57652.348505045804,65037.272359896306,57652.348505045804,53188.84313186935,57652.348505045804,59536.299395238304,57652.348505045804,67226.91062189237,57652.348505045804,57652.348505045804,57652.348505045804,57652.348505045804,57652.348505045804,57651.98464425109,59514.17757114661,57652.348505045804,57652.348505045804,65037.272359896306,57652.348505045804
19,53064.33251958814,69772.0546271688,52443.80805999668,51831.38240002528,63716.52922512792,62357.23771155076,62540.119090980166,60626.19313236412,58226.41325655725,63013.9844335997,60262.393386294,75990.28495043553,77303.70356594869,65284.72759293824,62537.623133463545,54271.02450571318,,,59536.299395238304,57652.348505045804,67226.91062189237,,,,,,,,,,,,4.0,11.0,0.0,0.0,0.0,10.0,8.0,7.0,6.0,6.0,5.0,8.0,17.0,10.0,9.0,3.0,0.0,0.0,4.0,4.0,0.0,0.0,0.0,0.0,0.0,0.0,0.0,0.0,0.0,0.0,0.0,0.0,,,59536.299395238304,57652.348505045804,67226.91062189237,,,,,,,,,,,,,,59536.299395238304,57652.348505045804,67226.91062189237,,,,,,,,,,,
20,60256.69162406199,81798.66216100361,56206.69265186385,70895.82583947355,63716.52922512792,75920.84643808377,62961.38482736495,56237.11099094259,60806.165578193126,55872.603934841056,81705.59524147274,113037.2332058884,64450.94915642642,62847.32862696357,59121.20184038656,48405.62432756031,60484.20755823323,60484.20755823323,60484.20755823323,60484.20755823323,67226.91062189237,60484.20755823323,60484.20755823323,60484.20755823323,60484.20755823323,60484.20755823323,60484.20755823323,60484.20755823323,60484.20755823323,60484.20755823323,60484.20755823323,55424.684519254544,6.0,17.0,3.0,13.0,0.0,16.0,9.0,5.0,8.0,4.0,17.0,11.0,8.0,8.0,6.0,0.0,6.0,6.0,6.0,7.0,0.0,5.0,6.0,6.0,4.0,5.0,7.0,3.0,5.0,7.0,5.0,2.0,60484.20755823323,60484.20755823323,60484.20755823323,60484.20755823323,67226.91062189237,60484.20755823323,60484.20755823323,60484.20755823323,60484.20755823323,60484.20755823323,60484.20755823323,60484.20755823323,60484.20755823323,60484.20755823323,60484.20755823323,55424.684519254544,60484.20755823323,60484.20755823323,60484.20755823323,60484.20755823323,67226.91062189237,60484.20755823323,60484.20755823323,60484.20755823323,60484.20755823323,60484.20755823323,60484.20755823323,60484.20755823323,60484.20755823323,60484.20755823323,60484.20755823323,55424.684519254544
21,67356.67801076997,93278.19994203812,58489.36163190146,80025.30333879983,63716.52922512792,76636.12096623596,58601.2844557824,55104.44463186606,50487.15629164963,79113.25376545351,60724.361699858375,71873.95736649631,66964.7549857502,70753.51350819237,52529.3951123331,39354.762178359415,57388.16252997659,63306.35013265138,57388.16252997659,57388.16252997659,67226.91062189237,57388.16252997659,57388.16252997659,57388.16252997659,61859.30870980762,57388.16252997659,57388.16252997659,64316.80802636934,57388.16252997659,57388.16252997659,57388.16252997659,55424.684519254544,11.0,19.0,6.0,17.0,0.0,17.0,5.0,4.0,0.0,15.0,8.0,7.0,10.0,14.0,1.0,0.0,3.0,9.0,1.0,2.0,0.0,3.0,3.0,3.0,6.0,1.0,2.0,5.0,2.0,2.0,2.0,2.0,57388.16252997659,63306.35013265138,57388.16252997659,57388.16252997659,67226.91062189237,57388.16252997659,57388.16252997659,57388.16252997659,61859.30870980762,57388.16252997659,57388.16252997659,64316.80802636934,57388.16252997659,57388.16252997659,57388.16252997659,55424.684519254544,57388.16252997659,63306.35013265138,57388.16252997659,57388.16252997659,67226.91062189237,57388.16252997659,57388.16252997659,57388.16252997659,61859.30870980762,57388.16252997659,57388.16252997659,64316.80802636934,57388.16252997659,57388.16252997659,57388.16252997659,55424.684519254544
